{"loss": [1.074519395828247, 0.6363128423690796, 0.5390313863754272, 0.3404880464076996, 0.2602705657482147, 0.2548365592956543, 0.23493897914886475, 0.1660921722650528, 0.17176280915737152, 0.1675843447446823, 0.13148239254951477, 0.09761189669370651, 0.08908979594707489, 0.08367101848125458, 0.09392677992582321, 0.09519106149673462, 0.04159338027238846], "accuracy": [0.48554912209510803, 0.7102600932121277, 0.7716763019561768, 0.865606963634491, 0.8908959627151489, 0.8988439440727234, 0.913294792175293, 0.935693621635437, 0.9335260391235352, 0.9429190754890442, 0.948699414730072, 0.9638728499412537, 0.9653179049491882, 0.9667630195617676, 0.9660404920578003, 0.9667630195617676, 0.9855491518974304]}